Workbook
Name Lehrkraefte: Hilfslisten!$A$2:$A$20

Sheet Teilnehmer
A1: EH-Kurs – Teilnehmerliste 2026
B3: Datum: | E3: Beginn: | G3: Ende:
B4: Lehrkraft: | E4: Kursart:
B5: Registriernr.: | E5: QSEH-Kennziffer: | F5: 7.0103
B6: Lehrgangsort: | C6: Mercedes-Benz AG, PKW-Werk Rastatt
B7: Verantw. Arzt: | C7: Dr. Schmidt, Sabine | E7: Tel.: | F7: 07222/91-22111
B8: Masken-Charge:
A10: Nr | B10: Nachname | C10: Vorname | D10: Geburtsdatum | E10: Ersthelfer (x)
A11: 1
A12: 2
A13: 3
A14: 4
A15: 5
A16: 6
A17: 7
A18: 8
A19: 9
A20: 10
A21: 11
A22: 12
... A30: 20
B32: Gesamtanzahl: | C32: =COUNTA(B11:B30) | D32: davon Ersthelfer: | E32: =COUNTIF(E11:E30,"x")

Sheet Bescheinigungen
A2: =IF(Teilnehmer!B11<>"",Teilnehmer!B11,"") | C2: =IF(Teilnehmer!B11<>"",Teilnehmer!C11,"") | E2: geb. am: | F2: =IF(Teilnehmer!B11<>"",Teilnehmer!D11,"") | I2: =IF(Teilnehmer!B12<>"",Teilnehmer!B12,"") | K2: =IF(Teilnehmer!B12<>"",Teilnehmer!C12,"") | M2: geb. am: | N2: =IF(Teilnehmer!B12<>"",Teilnehmer!D12,"")
A3: Name | C3: Vorname | I3: Name | K3: Vorname
A5: hat an dem 9 Unterrichtseinheiten (Nettounterrichtszeit 9 x 45 Minuten) umfassenden Lehrgang | I5: hat an dem 9 Unterrichtseinheiten (Nettounterrichtszeit 9 x 45 Minuten) umfassenden Lehrgang
A7: am | B7: =Teilnehmer!C3 | C7: in der Zeit von | D7: =Teilnehmer!F3 | E7: Uhr bis | F7: =Teilnehmer!H3 | G7: Uhr | I7: am | J7: =Teilnehmer!C3 | K7: in der Zeit von | L7: =Teilnehmer!F3 | M7: Uhr bis | N7: =Teilnehmer!H3 | O7: Uhr
A9: unter der Leitung von | C9: =Teilnehmer!C4 | F9: erfolgreich teilgenommen. | I9: unter der Leitung von | K9: =Teilnehmer!C4 | N9: erfolgreich teilgenommen.
A11: Teilnehmerunterlagen ausgehändigt: | E11: X | F11: ja | G11: nein | I11: Teilnehmerunterlagen ausgehändigt: | M11: X | N11: ja | O11: nein
A14: Rastatt | B14: , den | C14: =Teilnehmer!C3 | I14: Rastatt | J14: , den | K14: =Teilnehmer!C3
A15: Ort | C15: Datum | E15: Unterschrift der Lehrkraft | I15: Ort | K15: Datum | M15: Unterschrift der Lehrkraft
E18: Ausbildungsverantwortlicher | M18: Ausbildungsverantwortlicher
A20: Name der ermächtigten Stelle: | D20: Mercedes-Benz AG, Werk Rastatt | I20: Name der ermächtigten Stelle: | L20: Mercedes-Benz AG, Werk Rastatt
A22: Kennziffer der ermächtigten Stelle | I22: Kennziffer der ermächtigten Stelle
A23: gemäß § 26 DGUV Vorschrift: | E23: 7.0103 | I23: gemäß § 26 DGUV Vorschrift: | M23: 7.0103
A25: Registriernummer der Schulung: | E25: =Teilnehmer!C5 | I25: Registriernummer der Schulung: | M25: =Teilnehmer!C5
A27: * Die Teilnahme an der Ausbildung in betrieblicher Erster Hilfe gilt als Schulung in Erster Hilfe gem. § 19 Fahrerlaubnis- | I27: * Die Teilnahme an der Ausbildung in betrieblicher Erster Hilfe gilt als Schulung in Erster Hilfe gem. § 19 Fahrerlaubnis-
A28: Verordnung (FeV). | I28: Verordnung (FeV).
A32: =IF(Teilnehmer!B13<>"",Teilnehmer!B13,"") | C32: =IF(Teilnehmer!B13<>"",Teilnehmer!C13,"") | E32: geb. am: | F32: =IF(Teilnehmer!B13<>"",Teilnehmer!D13,"") | I32: =IF(Teilnehmer!B14<>"",Teilnehmer!B14,"") | K32: =IF(Teilnehmer!B14<>"",Teilnehmer!C14,"") | M32: geb. am: | N32: =IF(Teilnehmer!B14<>"",Teilnehmer!D14,"")
A33: Name | C33: Vorname | I33: Name | K33: Vorname
A35: hat an dem 9 Unterrichtseinheiten (Nettounterrichtszeit 9 x 45 Minuten) umfassenden Lehrgang | I35: hat an dem 9 Unterrichtseinheiten (Nettounterrichtszeit 9 x 45 Minuten) umfassenden Lehrgang
A37: am | B37: =Teilnehmer!C3 | C37: in der Zeit von | D37: =Teilnehmer!F3 | E37: Uhr bis | F37: =Teilnehmer!H3 | G37: Uhr | I37: am | J37: =Teilnehmer!C3 | K37: in der Zeit von | L37: =Teilnehmer!F3 | M37: Uhr bis | N37: =Teilnehmer!H3 | O37: Uhr
A39: unter der Leitung von | C39: =Teilnehmer!C4 | F39: erfolgreich teilgenommen. | I39: unter der Leitung von | K39: =Teilnehmer!C4 | N39: erfolgreich teilgenommen.
A41: Teilnehmerunterlagen ausgehändigt: | E41: X | F41: ja | G41: nein | I41: Teilnehmerunterlagen ausgehändigt: | M41: X | N41: ja | O41: nein
A44: Rastatt | B44: , den | C44: =Teilnehmer!C3 | I44: Rastatt | J44: , den | K44: =Teilnehmer!C3
A45: Ort | C45: Datum | E45: Unterschrift der Lehrkraft | I45: Ort | K45: Datum | M45: Unterschrift der Lehrkraft
E48: Ausbildungsverantwortlicher | M48: Ausbildungsverantwortlicher
A50: Name der ermächtigten Stelle: | D50: Mercedes-Benz AG, Werk Rastatt | I50: Name der ermächtigten Stelle: | L50: Mercedes-Benz AG, Werk Rastatt
A52: Kennziffer der ermächtigten Stelle | I52: Kennziffer der ermächtigten Stelle
A53: gemäß § 26 DGUV Vorschrift: | E53: 7.0103 | I53: gemäß § 26 DGUV Vorschrift: | M53: 7.0103
A55: Registriernummer der Schulung: | E55: =Teilnehmer!C5 | I55: Registriernummer der Schulung: | M55: =Teilnehmer!C5
A57: * Die Teilnahme an der Ausbildung in betrieblicher Erster Hilfe gilt als Schulung in Erster Hilfe gem. § 19 Fahrerlaubnis- | I57: * Die Teilnahme an der Ausbildung in betrieblicher Erster Hilfe gilt als Schulung in Erster Hilfe gem. § 19 Fahrerlaubnis-
A58: Verordnung (FeV). | I58: Verordnung (FeV).
A62: =IF(Teilnehmer!B15<>"",Teilnehmer!B15,"") | C62: =IF(Teilnehmer!B15<>"",Teilnehmer!C15,"") | E62: geb. am: | F62: =IF(Teilnehmer!B15<>"",Teilnehmer!D15,"") | I62: =IF(Teilnehmer!B16<>"",Teilnehmer!B16,"") | K62: =IF(Teilnehmer!B16<>"",Teilnehmer!C16,"") | M62: geb. am: | N62: =IF(Teilnehmer!B16<>"",Teilnehmer!D16,"")
A63: Name | C63: Vorname | I63: Name | K63: Vorname
A65: hat an dem 9 Unterrichtseinheiten (Nettounterrichtszeit 9 x 45 Minuten) umfassenden Lehrgang | I65: hat an dem 9 Unterrichtseinheiten (Nettounterrichtszeit 9 x 45 Minuten) umfassenden Lehrgang
A67: am | B67: =Teilnehmer!C3 | C67: in der Zeit von | D67: =Teilnehmer!F3 | E67: Uhr bis | F67: =Teilnehmer!H3 | G67: Uhr | I67: am | J67: =Teilnehmer!C3 | K67: in der Zeit von | L67: =Teilnehmer!F3 | M67: Uhr bis | N67: =Teilnehmer!H3 | O67: Uhr
A69: unter der Leitung von | C69: =Teilnehmer!C4 | F69: erfolgreich teilgenommen. | I69: unter der Leitung von | K69: =Teilnehmer!C4 | N69: erfolgreich teilgenommen.
A71: Teilnehmerunterlagen ausgehändigt: | E71: X | F71: ja | G71: nein | I71: Teilnehmerunterlagen ausgehändigt: | M71: X | N71: ja | O71: nein
A74: Rastatt | B74: , den | C74: =Teilnehmer!C3 | I74: Rastatt | J74: , den | K74: =Teilnehmer!C3
A75: Ort | C75: Datum | E75: Unterschrift der Lehrkraft | I75: Ort | K75: Datum | M75: Unterschrift der Lehrkraft
E78: Ausbildungsverantwortlicher | M78: Ausbildungsverantwortlicher
A80: Name der ermächtigten Stelle: | D80: Mercedes-Benz AG, Werk Rastatt | I80: Name der ermächtigten Stelle: | L80: Mercedes-Benz AG, Werk Rastatt
A82: Kennziffer der ermächtigten Stelle | I82: Kennziffer der ermächtigten Stelle
A83: gemäß § 26 DGUV Vorschrift: | E83: 7.0103 | I83: gemäß § 26 DGUV Vorschrift: | M83: 7.0103
A85: Registriernummer der Schulung: | E85: =Teilnehmer!C5 | I85: Registriernummer der Schulung: | M85: =Teilnehmer!C5
A87: * Die Teilnahme an der Ausbildung in betrieblicher Erster Hilfe gilt als Schulung in Erster Hilfe gem. § 19 Fahrerlaubnis- | I87: * Die Teilnahme an der Ausbildung in betrieblicher Erster Hilfe gilt als Schulung in Erster Hilfe gem. § 19 Fahrerlaubnis-
A88: Verordnung (FeV). | I88: Verordnung (FeV).
A92: =IF(Teilnehmer!B17<>"",Teilnehmer!B17,"") | C92: =IF(Teilnehmer!B17<>"",Teilnehmer!C17,"") | E92: geb. am: | F92: =IF(Teilnehmer!B17<>"",Teilnehmer!D17,"") | I92: =IF(Teilnehmer!B18<>"",Teilnehmer!B18,"") | K92: =IF(Teilnehmer!B18<>"",Teilnehmer!C18,"") | M92: geb. am: | N92: =IF(Teilnehmer!B18<>"",Teilnehmer!D18,"")
A93: Name | C93: Vorname | I93: Name | K93: Vorname
A95: hat an dem 9 Unterrichtseinheiten (Nettounterrichtszeit 9 x 45 Minuten) umfassenden Lehrgang | I95: hat an dem 9 Unterrichtseinheiten (Nettounterrichtszeit 9 x 45 Minuten) umfassenden Lehrgang
A97: am | B97: =Teilnehmer!C3 | C97: in der Zeit von | D97: =Teilnehmer!F3 | E97: Uhr bis | F97: =Teilnehmer!H3 | G97: Uhr | I97: am | J97: =Teilnehmer!C3 | K97: in der Zeit von | L97: =Teilnehmer!F3 | M97: Uhr bis | N97: =Teilnehmer!H3 | O97: Uhr
A99: unter der Leitung von | C99: =Teilnehmer!C4 | F99: erfolgreich teilgenommen. | I99: unter der Leitung von | K99: =Teilnehmer!C4 | N99: erfolgreich teilgenommen.
A101: Teilnehmerunterlagen ausgehändigt: | E101: X | F101: ja | G101: nein | I101: Teilnehmerunterlagen ausgehändigt: | M101: X | N101: ja | O101: nein
A104: Rastatt | B104: , den | C104: =Teilnehmer!C3 | I104: Rastatt | J104: , den | K104: =Teilnehmer!C3
A105: Ort | C105: Datum | E105: Unterschrift der Lehrkraft | I105: Ort | K105: Datum | M105: Unterschrift der Lehrkraft
E108: Ausbildungsverantwortlicher | M108: Ausbildungsverantwortlicher
A110: Name der ermächtigten Stelle: | D110: Mercedes-Benz AG, Werk Rastatt | I110: Name der ermächtigten Stelle: | L110: Mercedes-Benz AG, Werk Rastatt
A112: Kennziffer der ermächtigten Stelle | I112: Kennziffer der ermächtigten Stelle
A113: gemäß § 26 DGUV Vorschrift: | E113: 7.0103 | I113: gemäß § 26 DGUV Vorschrift: | M113: 7.0103
A115: Registriernummer der Schulung: | E115: =Teilnehmer!C5 | I115: Registriernummer der Schulung: | M115: =Teilnehmer!C5
A117: * Die Teilnahme an der Ausbildung in betrieblicher Erster Hilfe gilt als Schulung in Erster Hilfe gem. § 19 Fahrerlaubnis- | I117: * Die Teilnahme an der Ausbildung in betrieblicher Erster Hilfe gilt als Schulung in Erster Hilfe gem. § 19 Fahrerlaubnis-
A118: Verordnung (FeV). | I118: Verordnung (FeV).
A122: =IF(Teilnehmer!B19<>"",Teilnehmer!B19,"") | C122: =IF(Teilnehmer!B19<>"",Teilnehmer!C19,"") | E122: geb. am: | F122: =IF(Teilnehmer!B19<>"",Teilnehmer!D19,"") | I122: =IF(Teilnehmer!B20<>"",Teilnehmer!B20,"") | K122: =IF(Teilnehmer!B20<>"",Teilnehmer!C20,"") | M122: geb. am: | N122: =IF(Teilnehmer!B20<>"",Teilnehmer!D20,"")
A123: Name | C123: Vorname | I123: Name | K123: Vorname
A125: hat an dem 9 Unterrichtseinheiten (Nettounterrichtszeit 9 x 45 Minuten) umfassenden Lehrgang | I125: hat an dem 9 Unterrichtseinheiten (Nettounterrichtszeit 9 x 45 Minuten) umfassenden Lehrgang
A127: am | B127: =Teilnehmer!C3 | C127: in der Zeit von | D127: =Teilnehmer!F3 | E127: Uhr bis | F127: =Teilnehmer!H3 | G127: Uhr | I127: am | J127: =Teilnehmer!C3 | K127: in der Zeit von | L127: =Teilnehmer!F3 | M127: Uhr bis | N127: =Teilnehmer!H3 | O127: Uhr
A129: unter der Leitung von | C129: =Teilnehmer!C4 | F129: erfolgreich teilgenommen. | I129: unter der Leitung von | K129: =Teilnehmer!C4 | N129: erfolgreich teilgenommen.
A131: Teilnehmerunterlagen ausgehändigt: | E131: X | F131: ja | G131: nein | I131: Teilnehmerunterlagen ausgehändigt: | M131: X | N131: ja | O131: nein
A134: Rastatt | B134: , den | C134: =Teilnehmer!C3 | I134: Rastatt | J134: , den | K134: =Teilnehmer!C3
A135: Ort | C135: Datum | E135: Unterschrift der Lehrkraft | I135: Ort | K135: Datum | M135: Unterschrift der Lehrkraft
E138: Ausbildungsverantwortlicher | M138: Ausbildungsverantwortlicher
A140: Name der ermächtigten Stelle: | D140: Mercedes-Benz AG, Werk Rastatt | I140: Name der ermächtigten Stelle: | L140: Mercedes-Benz AG, Werk Rastatt
A142: Kennziffer der ermächtigten Stelle | I142: Kennziffer der ermächtigten Stelle
A143: gemäß § 26 DGUV Vorschrift: | E143: 7.0103 | I143: gemäß § 26 DGUV Vorschrift: | M143: 7.0103
A145: Registriernummer der Schulung: | E145: =Teilnehmer!C5 | I145: Registriernummer der Schulung: | M145: =Teilnehmer!C5
A147: * Die Teilnahme an der Ausbildung in betrieblicher Erster Hilfe gilt als Schulung in Erster Hilfe gem. § 19 Fahrerlaubnis- | I147: * Die Teilnahme an der Ausbildung in betrieblicher Erster Hilfe gilt als Schulung in Erster Hilfe gem. § 19 Fahrerlaubnis-
A148: Verordnung (FeV). | I148: Verordnung (FeV).
A152: =IF(Teilnehmer!B21<>"",Teilnehmer!B21,"") | C152: =IF(Teilnehmer!B21<>"",Teilnehmer!C21,"") | E152: geb. am: | F152: =IF(Teilnehmer!B21<>"",Teilnehmer!D21,"") | I152: =IF(Teilnehmer!B22<>"",Teilnehmer!B22,"") | K152: =IF(Teilnehmer!B22<>"",Teilnehmer!C22,"") | M152: geb. am: | N152: =IF(Teilnehmer!B22<>"",Teilnehmer!D22,"")
A153: Name | C153: Vorname | I153: Name | K153: Vorname
A155: hat an dem 9 Unterrichtseinheiten (Nettounterrichtszeit 9 x 45 Minuten) umfassenden Lehrgang | I155: hat an dem 9 Unterrichtseinheiten (Nettounterrichtszeit 9 x 45 Minuten) umfassenden Lehrgang
A157: am | B157: =Teilnehmer!C3 | C157: in der Zeit von | D157: =Teilnehmer!F3 | E157: Uhr bis | F157: =Teilnehmer!H3 | G157: Uhr | I157: am | J157: =Teilnehmer!C3 | K157: in der Zeit von | L157: =Teilnehmer!F3 | M157: Uhr bis | N157: =Teilnehmer!H3 | O157: Uhr
A159: unter der Leitung von | C159: =Teilnehmer!C4 | F159: erfolgreich teilgenommen. | I159: unter der Leitung von | K159: =Teilnehmer!C4 | N159: erfolgreich teilgenommen.
A161: Teilnehmerunterlagen ausgehändigt: | E161: X | F161: ja | G161: nein | I161: Teilnehmerunterlagen ausgehändigt: | M161: X | N161: ja | O161: nein
A164: Rastatt | B164: , den | C164: =Teilnehmer!C3 | I164: Rastatt | J164: , den | K164: =Teilnehmer!C3
A165: Ort | C165: Datum | E165: Unterschrift der Lehrkraft | I165: Ort | K165: Datum | M165: Unterschrift der Lehrkraft
E168: Ausbildungsverantwortlicher | M168: Ausbildungsverantwortlicher
A170: Name der ermächtigten Stelle: | D170: Mercedes-Benz AG, Werk Rastatt | I170: Name der ermächtigten Stelle: | L170: Mercedes-Benz AG, Werk Rastatt
A172: Kennziffer der ermächtigten Stelle | I172: Kennziffer der ermächtigten Stelle
A173: gemäß § 26 DGUV Vorschrift: | E173: 7.0103 | I173: gemäß § 26 DGUV Vorschrift: | M173: 7.0103
A175: Registriernummer der Schulung: | E175: =Teilnehmer!C5 | I175: Registriernummer der Schulung: | M175: =Teilnehmer!C5
A177: * Die Teilnahme an der Ausbildung in betrieblicher Erster Hilfe gilt als Schulung in Erster Hilfe gem. § 19 Fahrerlaubnis- | I177: * Die Teilnahme an der Ausbildung in betrieblicher Erster Hilfe gilt als Schulung in Erster Hilfe gem. § 19 Fahrerlaubnis-
A178: Verordnung (FeV). | I178: Verordnung (FeV).
A182: =IF(Teilnehmer!B23<>"",Teilnehmer!B23,"") | C182: =IF(Teilnehmer!B23<>"",Teilnehmer!C23,"") | E182: geb. am: | F182: =IF(Teilnehmer!B23<>"",Teilnehmer!D23,"") | I182: =IF(Teilnehmer!B24<>"",Teilnehmer!B24,"") | K182: =IF(Teilnehmer!B24<>"",Teilnehmer!C24,"") | M182: geb. am: | N182: =IF(Teilnehmer!B24<>"",Teilnehmer!D24,"")
A183: Name | C183: Vorname | I183: Name | K183: Vorname
A185: hat an dem 9 Unterrichtseinheiten (Nettounterrichtszeit 9 x 45 Minuten) umfassenden Lehrgang | I185: hat an dem 9 Unterrichtseinheiten (Nettounterrichtszeit 9 x 45 Minuten) umfassenden Lehrgang
A187: am | B187: =Teilnehmer!C3 | C187: in der Zeit von | D187: =Teilnehmer!F3 | E187: Uhr bis | F187: =Teilnehmer!H3 | G187: Uhr | I187: am | J187: =Teilnehmer!C3 | K187: in der Zeit von | L187: =Teilnehmer!F3 | M187: Uhr bis | N187: =Teilnehmer!H3 | O187: Uhr
A189: unter der Leitung von | C189: =Teilnehmer!C4 | F189: erfolgreich teilgenommen. | I189: unter der Leitung von | K189: =Teilnehmer!C4 | N189: erfolgreich teilgenommen.
A191: Teilnehmerunterlagen ausgehändigt: | E191: X | F191: ja | G191: nein | I191: Teilnehmerunterlagen ausgehändigt: | M191: X | N191: ja | O191: nein
A194: Rastatt | B194: , den | C194: =Teilnehmer!C3 | I194: Rastatt | J194: , den | K194: =Teilnehmer!C3
A195: Ort | C195: Datum | E195: Unterschrift der Lehrkraft | I195: Ort | K195: Datum | M195: Unterschrift der Lehrkraft
E198: Ausbildungsverantwortlicher | M198: Ausbildungsverantwortlicher
A200: Name der ermächtigten Stelle: | D200: Mercedes-Benz AG, Werk Rastatt | I200: Name der ermächtigten Stelle: | L200: Mercedes-Benz AG, Werk Rastatt
...

Sheet BG-Liste
B5: Mercedes Benz AG | D5: BG-Metall Nord-Süd
B6: Mercedesstr. 1
B7: 76437 Rastatt
A10: 1 | B10: =IF(Teilnehmer!B11<>"",Teilnehmer!B11&", "&Teilnehmer!C11,"") | C10: =IF(Teilnehmer!D11<>"",Teilnehmer!D11,"")
A11: 2 | B11: =IF(Teilnehmer!B12<>"",Teilnehmer!B12&", "&Teilnehmer!C12,"") | C11: =IF(Teilnehmer!D12<>"",Teilnehmer!D12,"")
A12: 3 | B12: =IF(Teilnehmer!B13<>"",Teilnehmer!B13&", "&Teilnehmer!C13,"") | C12: =IF(Teilnehmer!D13<>"",Teilnehmer!D13,"")
A13: 4 | B13: =IF(Teilnehmer!B14<>"",Teilnehmer!B14&", "&Teilnehmer!C14,"") | C13: =IF(Teilnehmer!D14<>"",Teilnehmer!D14,"")
A14: 5 | B14: =IF(Teilnehmer!B15<>"",Teilnehmer!B15&", "&Teilnehmer!C15,"") | C14: =IF(Teilnehmer!D15<>"",Teilnehmer!D15,"")
A15: 6 | B15: =IF(Teilnehmer!B16<>"",Teilnehmer!B16&", "&Teilnehmer!C16,"") | C15: =IF(Teilnehmer!D16<>"",Teilnehmer!D16,"")
A16: 7 | B16: =IF(Teilnehmer!B17<>"",Teilnehmer!B17&", "&Teilnehmer!C17,"") | C16: =IF(Teilnehmer!D17<>"",Teilnehmer!D17,"")
A17: 8 | B17: =IF(Teilnehmer!B18<>"",Teilnehmer!B18&", "&Teilnehmer!C18,"") | C17: =IF(Teilnehmer!D18<>"",Teilnehmer!D18,"")
A18: 9 | B18: =IF(Teilnehmer!B19<>"",Teilnehmer!B19&", "&Teilnehmer!C19,"") | C18: =IF(Teilnehmer!D19<>"",Teilnehmer!D19,"")
A19: 10 | B19: =IF(Teilnehmer!B20<>"",Teilnehmer!B20&", "&Teilnehmer!C20,"") | C19: =IF(Teilnehmer!D20<>"",Teilnehmer!D20,"")
B22: Dr. Schmidt, Sabine
B23: 07222/91-22111
B24: sabine.m.schmidt@mercedes-benz.com
D25: =Teilnehmer!C3
C29: =Teilnehmer!C3
B31: 7.0103 | C31: =Teilnehmer!C4
B33: =" "&Teilnehmer!C5 | C33: Mercedes Benz AG, PKW Werk
C36: Mercedes Benz AG
C37: Werksärztlicher Dienst
C38: PKW-Werk Rastatt
C39: Mercedesstrasse 1
B40: =Teilnehmer!C3 | C40: 76437 Rastatt
B48: Mercedes Benz AG | D48: BG-Metall Nord-Süd
B49: Mercedesstr. 1
B50: 76437 Rastatt
A53: 1 | B53: =IF(Teilnehmer!B21<>"",Teilnehmer!B21&", "&Teilnehmer!C21,"") | C53: =IF(Teilnehmer!D21<>"",Teilnehmer!D21,"")
A54: 2 | B54: =IF(Teilnehmer!B22<>"",Teilnehmer!B22&", "&Teilnehmer!C22,"") | C54: =IF(Teilnehmer!D22<>"",Teilnehmer!D22,"")
A55: 3 | B55: =IF(Teilnehmer!B23<>"",Teilnehmer!B23&", "&Teilnehmer!C23,"") | C55: =IF(Teilnehmer!D23<>"",Teilnehmer!D23,"")
A56: 4 | B56: =IF(Teilnehmer!B24<>"",Teilnehmer!B24&", "&Teilnehmer!C24,"") | C56: =IF(Teilnehmer!D24<>"",Teilnehmer!D24,"")
A57: 5 | B57: =IF(Teilnehmer!B25<>"",Teilnehmer!B25&", "&Teilnehmer!C25,"") | C57: =IF(Teilnehmer!D25<>"",Teilnehmer!D25,"")
A58: 6 | B58: =IF(Teilnehmer!B26<>"",Teilnehmer!B26&", "&Teilnehmer!C26,"") | C58: =IF(Teilnehmer!D26<>"",Teilnehmer!D26,"")
A59: 7 | B59: =IF(Teilnehmer!B27<>"",Teilnehmer!B27&", "&Teilnehmer!C27,"") | C59: =IF(Teilnehmer!D27<>"",Teilnehmer!D27,"")
A60: 8 | B60: =IF(Teilnehmer!B28<>"",Teilnehmer!B28&", "&Teilnehmer!C28,"") | C60: =IF(Teilnehmer!D28<>"",Teilnehmer!D28,"")
A61: 9 | B61: =IF(Teilnehmer!B29<>"",Teilnehmer!B29&", "&Teilnehmer!C29,"") | C61: =IF(Teilnehmer!D29<>"",Teilnehmer!D29,"")
A62: 10 | B62: =IF(Teilnehmer!B30<>"",Teilnehmer!B30&", "&Teilnehmer!C30,"") | C62: =IF(Teilnehmer!D30<>"",Teilnehmer!D30,"")
B65: Dr. Schmidt, Sabine
B66: 07222/91-22111
B67: sabine.m.schmidt@mercedes-benz.com
D68: =Teilnehmer!C3
C72: =Teilnehmer!C3
B74: 7.0103 | C74: =Teilnehmer!C4
B76: =" "&Teilnehmer!C5 | C76: Mercedes Benz AG, PKW Werk
C79: Mercedes Benz AG
C80: Werksärztlicher Dienst
C81: PKW-Werk Rastatt
C82: Mercedesstrasse 1
B83: =Teilnehmer!C3 | C83: 76437 Rastatt

Sheet Lehrgangsdoku
A1: Lehrgangsdokumentation
A2: gem. Abschnitt 2.4.6 DGUV Grundsatz 304-001
B4: Angaben zur Ausbildungsstelle
B5: Bezeichnung
B6: Mercedes-Benz AG | E6: QSEH-Kennziffer: | F6: =Teilnehmer!F5
B8: Straße / Hausnr.
B9: Mercedesstr. 1
B11: PLZ / Ort
B12: 76437 Rastatt
B14: Angaben zum Seminar
B15: =IF(Teilnehmer!F4="EH-Ausbildung","X"," ")&" EH-Ausbildung "&IF(Teilnehmer!F4="EH-Fortbildung","X"," ")&" EH-Fortbildung "&IF(Teilnehmer!F4="EH-Schulung","X"," ")&" EH-Schulung"
B17: Registriernummer: | C17: =Teilnehmer!C5 | E17: Lehrgangsort: | F17: Mercedes-Benz AG, PKW-Werk Rastatt
B18: (aus dem QSEH-Portal) | F18: Gebäude 39, Gesundheitszentrum 1.OG
B20: Lehrgangsdatum: | C20: =Teilnehmer!C3 | E20: Uhrzeit: | F20: ="von "&TEXT(Teilnehmer!F3,"HH:MM")&" Uhr bis "&TEXT(Teilnehmer!H3,"HH:MM")&" Uhr"
B22: Name der Lehrkraft: | C22: =Teilnehmer!C4
B24: Verantwortlicher Arzt: | C24: =Teilnehmer!C7
B26: Masken-Charge: | C26: =Teilnehmer!C8
B28: Anzahl der Teilnehmenden
B30: Gesamtanzahl der Teilnehmenden: | E30: =Teilnehmer!C32
B31: (entspricht der Anzahl der Teilnehmerdatenblätter)
B33: davon betriebliche Ersthelfende: | E33: =Teilnehmer!E32
B35: Anlagen
B36: Alle Teilnehmenden sind mit Namen, Vornamen, Geburtsdatum und Unterschrift zu erfassen. Für UVT-Teilnehmende sind zusätzlich der Name und die Anschrift des Arbeitgebers sowie der kostentragende UVT zu ergänzen. Dies kann durch einzelne Teilnehmerdatenblätter erfolgen.
B40: Die Dokumentation ist fünf Jahre aufzubewahren und auf Anforderung dem Unfallversicherungsträger vorzulegen.
B42: Für die Richtigkeit der Angaben:
B47: ="Rastatt, "&TEXT(Teilnehmer!C3,"DD.MM.YYYY") | E47: ="Rastatt, "&TEXT(Teilnehmer!C3,"DD.MM.YYYY")
B48: Ort, Datum Unterschrift Lehrgangsleitung | E48: Ort, Datum Unterschrift Ausbildungsstelle
B50: Stand: 2026

Sheet Hilfslisten
A1: Lehrkräfte
A2: Putschler, Walter
A3: Kaya, Michelle
A4: Krempl, Elke
A5: Breig, Bernd
A6: Zuber, Harry
A7: Jochim, Benjamin
A8: Siebert, Emanuel
