Workbook
Name KVPNamenListe: Hilfslisten!$A$2:$A$17

Sheet Dashboard
B1: KVP Dashboard - Kontinuierlicher Verbesserungsprozess
B3: Werksärztlicher Dienst Mercedes-Benz Rastatt/Kuppenheim
B5: Gesamt Vorschläge: | D5: =C13 | E5: Angenommen: | F5: =D13 | H5: ="Annahmequote: "&TEXT(H13,"0%")
B7: Jahr | C7: Vorschläge | D7: Angenommen | E7: Abgelehnt | F7: Offen | H7: Annahmequote | I7: Letzter Eintrag
B8: 2026 | C8: =COUNTA('2026'!B5:B204) | D8: =COUNTIF('2026'!H5:H204,"Angenommen") | E8: =COUNTIF('2026'!H5:H204,"Abgelehnt") | F8: =C8-D8-E8 | H8: =IF(C8>0,D8/C8,"") | I8: =IFERROR(LOOKUP(2,1/('2026'!C5:C204<>""),'2026'!C5:C204),"—")
B9: 2025 | C9: =COUNTA('2025'!B5:B204) | D9: =COUNTIF('2025'!H5:H204,"Angenommen") | E9: =COUNTIF('2025'!H5:H204,"Abgelehnt") | F9: =C9-D9-E9 | H9: =IF(C9>0,D9/C9,"") | I9: =IFERROR(LOOKUP(2,1/('2025'!C5:C204<>""),'2025'!C5:C204),"—")
B10: 2024 | C10: =COUNTA('2024'!B5:B204) | D10: =COUNTIF('2024'!H5:H204,"Angenommen") | E10: =COUNTIF('2024'!H5:H204,"Abgelehnt") | F10: =C10-D10-E10 | H10: =IF(C10>0,D10/C10,"") | I10: =IFERROR(LOOKUP(2,1/('2024'!C5:C204<>""),'2024'!C5:C204),"—")
B11: 2023 | C11: =COUNTA('2023'!B5:B204) | D11: =COUNTIF('2023'!H5:H204,"Angenommen") | E11: =COUNTIF('2023'!H5:H204,"Abgelehnt") | F11: =C11-D11-E11 | H11: =IF(C11>0,D11/C11,"") | I11: =IFERROR(LOOKUP(2,1/('2023'!C5:C204<>""),'2023'!C5:C204),"—")
B12: 2022 | C12: =COUNTA('2022'!B5:B204) | D12: =COUNTIF('2022'!H5:H204,"Angenommen") | E12: =COUNTIF('2022'!H5:H204,"Abgelehnt") | F12: =C12-D12-E12 | H12: =IF(C12>0,D12/C12,"") | I12: =IFERROR(LOOKUP(2,1/('2022'!C5:C204<>""),'2022'!C5:C204),"—")
B13: GESAMT | C13: =SUM(C8:C12) | D13: =SUM(D8:D12) | E13: =SUM(E8:E12) | F13: =SUM(F8:F12) | H13: =IF(C13>0,D13/C13,"")
B15: Legende Farbmarkierungen in den Jahres-Sheets:
C16: Nr. blau | D16: Neuer Vorschlag (letzte 14 Tage)
C17: Zeile grün | D17: Angenommen
C18: Zeile rot | D18: Abgelehnt
C19: Zeile gelb | D19: Offen (noch keine Entscheidung)
C20: Zelle rot | D20: Pflichtfeld fehlt oder Ablehnung ohne Begründung
B22: Hinweise zur KVP-Liste 2026:
B23: ✓ | C23: Neuen KVP-Vorschlag im aktiven Jahres-Tab eintragen (Datum + Thema + Einbringender)
B24: ✓ | C24: Status wird vom Gremium auf "Angenommen" oder "Abgelehnt" gesetzt
B25: ✓ | C25: Umsetzungsstatus per Dropdown: Offen / In Umsetzung / Umgesetzt
B26: ✓ | C26: Mail-Link informiert das KVP-Gremium über neue Vorschläge
B27: ✓ | C27: Dynamische Erinnerung zeigt offene Vorschläge ohne Entscheidung
B28: ✓ | C28: Pflichtfelder: Thema/Einbringender wird rot wenn leer bei eingetragenem Datum
B29: ✓ | C29: Ablehnungen ohne Gremium-Kommentar werden rot markiert
B30: ✓ | C30: Dashboard zeigt automatisch Statistiken über alle Jahre
B31: ✓ | C31: Einbringender kann per Dropdown ausgewählt werden
B32: ✓ | C32: Archiv-Tabs (2022-2025) enthalten alle bisherigen Vorschläge
B33: ✓ | C33: Kein Blattschutz, keine Makros - alles frei editierbar

Sheet 2026
A1: KVP Themenliste - Werksärztlicher Dienst Rastatt/Kuppenheim - 2026 | J1: ← Dashboard
A2: Vorschläge: | B2: =COUNTA(B5:B204) | C2: Angenommen: | D2: =COUNTIF(H5:H204,"Angenommen") | E2: Abgelehnt: | F2: =COUNTIF(H5:H204,"Abgelehnt") | G2: Offen: | H2: =B2-D2-F2
A3: ✉ Mail an KVP-Gremium (Putschler) | E3: =IF(B2-D2-F2>0,"⚠ "&B2-D2-F2&" Vorschlag/Vorschläge ohne Entscheidung","✓ Alle Vorschläge entschieden")
A4: Nr. | B4: Datum | C4: Thema | D4: Ersparnis (Zeit, Geld, Kappa, u.s.w.) | E4: Einbringender | F4: Kommentar Bereichsverantwortlicher | G4: Kommentar vom Gremium | H4: Angenommen/ Abgelehnt | I4: Umsetzungs- status | J4: Verantwortlich für Umsetzung
A5: =IF(B5<>"",ROW()-4,"")
A6: =IF(B6<>"",ROW()-4,"")
A7: =IF(B7<>"",ROW()-4,"")
A8: =IF(B8<>"",ROW()-4,"")
A9: =IF(B9<>"",ROW()-4,"")
A10: =IF(B10<>"",ROW()-4,"")
A11: =IF(B11<>"",ROW()-4,"")
A12: =IF(B12<>"",ROW()-4,"")
A13: =IF(B13<>"",ROW()-4,"")
A14: =IF(B14<>"",ROW()-4,"")
A15: =IF(B15<>"",ROW()-4,"")
A16: =IF(B16<>"",ROW()-4,"")
... A54: =IF(B54<>"",ROW()-4,"")

Sheet 2025
A1: KVP Themenliste - Werksärztlicher Dienst Rastatt/Kuppenheim - 2025 | J1: ← Dashboard
A2: Vorschläge: | B2: =COUNTA(B5:B204) | C2: Angenommen: | D2: =COUNTIF(H5:H204,"Angenommen") | E2: Abgelehnt: | F2: =COUNTIF(H5:H204,"Abgelehnt") | G2: Offen: | H2: =B2-D2-F2
A3: ✉ Mail an KVP-Gremium (Putschler) | E3: =IF(B2-D2-F2>0,"⚠ "&B2-D2-F2&" Vorschlag/Vorschläge ohne Entscheidung","✓ Alle Vorschläge entschieden")
A4: Nr. | B4: Datum | C4: Thema | D4: Ersparnis (Zeit, Geld, Kappa, u.s.w.) | E4: Einbringender | F4: Kommentar Bereichsverantwortlicher | G4: Kommentar vom Gremium | H4: Angenommen/ Abgelehnt | I4: Umsetzungs- status | J4: Verantwortlich für Umsetzung
A5: 1 | B5: 45692 | C5: Übersicht über aktuelle Themen HR/PHB im Besprechungszimmer | D5: schneller Überblick über TOP-Themen und Verantwortlichkeiten | E5: Zieger-Buchta | G5: soll grober Übersicht dienen, Topthemen | H5: Angenommen | I5: In Umsetzung | J5: alle
A6: 2 | B6: 45702 | C6: Neue Desinfektionsspender vorgeschlagen: sauber am Auslass, kompatibel mit bestehenden Handpumpen. | D6: Weniger Verschmutzung, nur ein Pumpenmodell, integrierte Auffangschale. | E6: Wunsch | F6: Kosten bitte noch aufführen auch für evtl. Umbau, gemeinsame Lösung mit "Altsystem mit Auffangschale" möglich? | G6: wie aufwändig ist der Tausch der Spender? Anzahl? Aufwand?
A7: 3 | B7: 45714 | C7: WD-Hotline (22828) auf SI-Seite vermerken | D7: Spart hin und Her rennen zwischen div. Telefonen wenn Hotline mehr genutzt wird. | E7: Zuber | G7: wollt Ihr immer erreichbar sein? | H7: Abgelehnt
A8: 4 | B8: 45706 | C8: Kleidungsübersicht erstellt (Jacken, Polos) | D8: Einfachere Neubestellung etc. | E8: Wunsch | H8: Angenommen | I8: Umgesetzt
A9: 5 | B9: 45706 | C9: Poloshirts mit User-ID | D9: Einfachere Einsortierung und Zuordnung | E9: Wunsch | H9: Angenommen | I9: Umgesetzt
A10: 6 | B10: 45761 | C10: Poloshirts abgemeldet, Übersichtsliste von Bardusch | D10: Spart monatlich Geld und bringt Übersicht | E10: Wunsch | H10: Angenommen | I10: Umgesetzt
A11: 7 | B11: 45730 | C11: Abklärung mit der Feuerwehr zur Etikettierung der Jacken, damit diese gewaschen werden können. | D11: Hygienischer und ins bestehende Abwurfsystem der Hosen integrierbar. | E11: Wunsch | H11: Angenommen | I11: In Umsetzung
A12: 8 | B12: 45860 | C12: Digitalisierung des Medikamentenlagers: Jede Kanban-Karte wird mit einem QR-Code versehen. Beim Scannen öffnet sich automatisch eine vorgefertigte E-Mail im Standard-Mailprogramm, die direkt an den zuständigen Bereichsverantwortlichen adressiert ist. | D12: Zeit gespart, Kosten gesenkt durch Reduzierung der Bestände, Lagerfläche optimiert, Fehler reduziert und Prozesse transparenter gestaltet. | E12: Siebert | H12: Angenommen | I12: In Umsetzung | J12: Manuel
A13: 9 | B13: 45868 | C13: Erreichbarkeit von Ambulanz-Handy in SI Seite auflisten | D13: Verbesserte Erreichbarkeit | E13: Zuber | F13: Sabine geht auf Harry für Zusatzinfo zu | G13: Siehe Eintrag Nr. 3 | H13: Abgelehnt
A14: 10 | B14: 45868 | C14: Abrechnung der Taxifahrten zu D-Arzt nach Betriebsunfällen. Abrechnung mit BGHM sollte möglich sein. | D14: Geld | E14: Zuber | F14: https://www.bghm-magazin.de/ausgaben/05-2022/krankentransport-nach-arbeitsunfall | G14: Prozess ist möglich, jedoch zu aufwendig, wurde mehrfach als neg. Business case geprüft | H14: Abgelehnt
A15: 11 | B15: 45876 | C15: Statt Fentanyl 0,5 mg/10 ml, Fentanyl 0,1 mg/2 ml bestellen. Patientensicherheit, Kosten, Haltbarkeit. | D15: Geld (kostet ca. die Hälfte) | E15: Dr. Vitez | H15: Angenommen | I15: In Umsetzung | J15: nächste BTM Bestellung, Dr. Schmidt
A16: 12 | B16: 45902 | C16: Analog zu Punkt 8 soll ins digitale Kanban-System noch Folgendes aufgenommen werden: Kaffee, Milch, Spültabs, Entkalker | D16: Zeit & Geld gespart (keine teuren Spontankäufe) | E16: Zieger-Buchta | H16: Angenommen | I16: In Umsetzung | J16: Manuel
A17: 13 | C17: Verlagerung des Standortes Gasflaschen-Schrank (Sauerstoff, Stickstoff) in den Außenbereich der Ambulanz Rastatt. Eventuell mit Heizung für den Winter um Vereisung zu vermeiden. | D17: Aufwand, mit Gewinn Sicherheit | E17: Zuber | F17: Dr. Frei: Idee prinzipiell gut, aber nicht neu. Wurde in der Vergangenheit aus optischen Gründen von der FP abgelehnt; Abstand zum Gebäude von 5m erforderlich | H17: Abgelehnt
A18: 14 | B18: 45922 | C18: Neue Türschilder für Eingangstür, und Sonstige Verwendung | D18: Aushänge können schnell getauscht werden, sieht sehr professionell aus | E18: Wunsch | H18: Angenommen | I18: In Umsetzung | J18: Fabian
A19: 15 | B19: 45988 | C19: Verschiedene Defibrillationselektroden für Corpuls3 sind im Einsatz schwer zu unterscheiden. Einheitliche Elektroden reduzieren Verwechslungsgefahr. | D19: Geld, Zeit, höhere Anwendersicherheit | E19: Göpfrich | H19: Angenommen | I19: In Umsetzung | J19: Markus G.
A20: 16 | B20: 46000 | C20: Postkarten erstellen als Werbung für die Qualifizierungen | D20: die richtigen Personen in die richtige Quali direkt einsteuern | E20: Zieger-Buchta | H20: Angenommen | I20: In Umsetzung | J20: Lara
A21: 17 | B21: 46059 | C21: Ersatzbeschaffung für defektes Urisys 1100 geplant. Prüfung ergab: nur Netzteil defekt. Reparatur über eBay deutlich günstiger als Neubeschaffung. | D21: Neues Netzteil günstiger als Ersatzbeschaffung Gerät, Zubehör bleibt nutzbar | E21: Göpfrich
A22: =IF(B22<>"",ROW()-4,"")
A23: =IF(B23<>"",ROW()-4,"")
A24: =IF(B24<>"",ROW()-4,"")
A25: =IF(B25<>"",ROW()-4,"")
A26: =IF(B26<>"",ROW()-4,"")
A27: =IF(B27<>"",ROW()-4,"")
A28: =IF(B28<>"",ROW()-4,"")
A29: =IF(B29<>"",ROW()-4,"")
A30: =IF(B30<>"",ROW()-4,"")
A31: =IF(B31<>"",ROW()-4,"")
A32: =IF(B32<>"",ROW()-4,"")
A33: =IF(B33<>"",ROW()-4,"")
... A71: =IF(B71<>"",ROW()-4,"")

Sheet 2024
A1: KVP Themenliste - Werksärztlicher Dienst Rastatt/Kuppenheim - 2024 | J1: ← Dashboard
A2: Vorschläge: | B2: =COUNTA(B5:B204) | C2: Angenommen: | D2: =COUNTIF(H5:H204,"Angenommen") | E2: Abgelehnt: | F2: =COUNTIF(H5:H204,"Abgelehnt") | G2: Offen: | H2: =B2-D2-F2
A3: ✉ Mail an KVP-Gremium (Putschler) | E3: =IF(B2-D2-F2>0,"⚠ "&B2-D2-F2&" Vorschlag/Vorschläge ohne Entscheidung","✓ Alle Vorschläge entschieden")
A4: Nr. | B4: Datum | C4: Thema | D4: Ersparnis (Zeit, Geld, Kappa, u.s.w.) | E4: Einbringender | F4: Kommentar Bereichsverantwortlicher | G4: Kommentar vom Gremium | H4: Angenommen/ Abgelehnt | I4: Umsetzungs- status | J4: Verantwortlich für Umsetzung
A5: 1 | B5: 45331 | C5: Einrichtung eines Übungsraumes zum Notfalltraining (Raum 0.033) | D5: Bessere Übungsmöglichkeiten, weniger externer Aufwand | E5: Team | H5: Angenommen | I5: In Umsetzung | J5: Bernd, Walter
A6: 2 | B6: 45331 | C6: Rückenschilder und Namensschilder passend für Softshelljacke | D6: Einheitliches Erscheinungsbild | E6: Team | H6: Angenommen | I6: In Umsetzung | J6: Walter
A7: 3 | B7: 45373 | C7: Umorganisation Räume im GZ | D7: Bessere Raumnutzung | E7: Team | H7: Angenommen | I7: In Umsetzung | J7: Sanis
A8: 4 | B8: 45373 | C8: Einheitliche Mützen für Winter | D8: Einheitliches Erscheinungsbild | E8: Team | H8: Angenommen | I8: In Umsetzung | J8: Harry
A9: 5 | B9: 45373 | C9: Handspiegel beschaffen für MA die AS-Brille abholen | D9: Service für Mitarbeiter | E9: Team | H9: Angenommen | I9: In Umsetzung | J9: Larissa
A10: 6 | B10: 45373 | C10: Einheitliche, aktuelle Fotos für WD MA im Social Intranet | D10: Professionelles Auftreten | E10: Team
A11: 7 | B11: 45434 | C11: Wetterstation mit Luftdruck, Temperatur und Luftfeuchte in D1 | D11: Information für Einsatzplanung | E11: Team | H11: Angenommen
A12: 8 | B12: 45519 | C12: Täglicher RTW Check in digitale Checkliste umgewandelt | D12: Zeit und Papier gespart | E12: Team | H12: Angenommen
A13: 9 | B13: 45559 | C13: RTW Alarme als Info in Teams automatisiert | D13: Schnellere Information | E13: Team | H13: Angenommen
A14: 10 | B14: 45589 | C14: Diagnostic WC Mülleimer tauschen gegen Deckel mit Fußbedienung | D14: Hygiene | E14: Team
A15: =IF(B15<>"",ROW()-4,"")
A16: =IF(B16<>"",ROW()-4,"")
A17: =IF(B17<>"",ROW()-4,"")
A18: =IF(B18<>"",ROW()-4,"")
A19: =IF(B19<>"",ROW()-4,"")
A20: =IF(B20<>"",ROW()-4,"")
A21: =IF(B21<>"",ROW()-4,"")
A22: =IF(B22<>"",ROW()-4,"")
A23: =IF(B23<>"",ROW()-4,"")
A24: =IF(B24<>"",ROW()-4,"")
A25: =IF(B25<>"",ROW()-4,"")
A26: =IF(B26<>"",ROW()-4,"")
... A64: =IF(B64<>"",ROW()-4,"")

Sheet 2023
A1: KVP Themenliste - Werksärztlicher Dienst Rastatt/Kuppenheim - 2023 | J1: ← Dashboard
A2: Vorschläge: | B2: =COUNTA(B5:B204) | C2: Angenommen: | D2: =COUNTIF(H5:H204,"Angenommen") | E2: Abgelehnt: | F2: =COUNTIF(H5:H204,"Abgelehnt") | G2: Offen: | H2: =B2-D2-F2
A3: ✉ Mail an KVP-Gremium (Putschler) | E3: =IF(B2-D2-F2>0,"⚠ "&B2-D2-F2&" Vorschlag/Vorschläge ohne Entscheidung","✓ Alle Vorschläge entschieden")
A4: Nr. | B4: Datum | C4: Thema | D4: Ersparnis (Zeit, Geld, Kappa, u.s.w.) | E4: Einbringender | F4: Kommentar Bereichsverantwortlicher | G4: Kommentar vom Gremium | H4: Angenommen/ Abgelehnt | I4: Umsetzungs- status | J4: Verantwortlich für Umsetzung
A5: 1 | B5: 44998 | C5: Tablets/iPads für Anamnese-Bogen | D5: Papierersparnis, Digitalisierung | E5: Team | H5: Abgelehnt
A6: 2 | B6: 44998 | C6: Klingelknopf/Totmannmelder für Sani Nachtschicht | D6: Sicherheit | E6: Team | H6: Abgelehnt
A7: 3 | B7: 45005 | C7: Kühlschrank im Ruheraum abschalten | D7: Strom | E7: Team | H7: Angenommen
A8: 4 | B8: 45011 | C8: Druckinfusionsmanschette als Einmalprodukt | D8: Hygiene, Kosten | E8: Team | H8: Angenommen
A9: 5 | B9: 45015 | C9: Telefone in Ambulanzen neu strukturieren | D9: Bessere Erreichbarkeit | E9: Team | H9: Angenommen
A10: 6 | B10: 45016 | C10: Große Corpuls3 Taschen anschaffen | D10: Besserer Transport | E10: Team | H10: Angenommen
A11: 7 | B11: 45016 | C11: Therapie-Stammkabel-Verlängerung Corpuls3 | D11: Flexibilität | E11: Team | H11: Abgelehnt
A12: 8 | B12: 45049 | C12: Beschriftung Notruftelefon erneuern | D12: Klarheit | E12: Team | H12: Angenommen
A13: 9 | B13: 45077 | C13: Sichere Spritzenkennzeichnung nach ISO DIVI Standard | D13: Patientensicherheit | E13: Team | H13: Angenommen
A14: 10 | B14: 45114 | C14: Briefkasten vor Arztzimmern | D14: Organisation | E14: Team | H14: Abgelehnt
A15: 11 | B15: 45155 | C15: USB-Umschalter für Dokumentenscanner | D15: Effizienz | E15: Team | H15: Angenommen
A16: =IF(B16<>"",ROW()-4,"")
A17: =IF(B17<>"",ROW()-4,"")
A18: =IF(B18<>"",ROW()-4,"")
A19: =IF(B19<>"",ROW()-4,"")
A20: =IF(B20<>"",ROW()-4,"")
A21: =IF(B21<>"",ROW()-4,"")
A22: =IF(B22<>"",ROW()-4,"")
A23: =IF(B23<>"",ROW()-4,"")
A24: =IF(B24<>"",ROW()-4,"")
A25: =IF(B25<>"",ROW()-4,"")
A26: =IF(B26<>"",ROW()-4,"")
A27: =IF(B27<>"",ROW()-4,"")
... A65: =IF(B65<>"",ROW()-4,"")

Sheet 2022
A1: KVP Themenliste - Werksärztlicher Dienst Rastatt/Kuppenheim - 2022 | J1: ← Dashboard
A2: Vorschläge: | B2: =COUNTA(B5:B204) | C2: Angenommen: | D2: =COUNTIF(H5:H204,"Angenommen") | E2: Abgelehnt: | F2: =COUNTIF(H5:H204,"Abgelehnt") | G2: Offen: | H2: =B2-D2-F2
A3: ✉ Mail an KVP-Gremium (Putschler) | E3: =IF(B2-D2-F2>0,"⚠ "&B2-D2-F2&" Vorschlag/Vorschläge ohne Entscheidung","✓ Alle Vorschläge entschieden")
A4: Nr. | B4: Datum | C4: Thema | D4: Ersparnis (Zeit, Geld, Kappa, u.s.w.) | E4: Einbringender | F4: Kommentar Bereichsverantwortlicher | G4: Kommentar vom Gremium | H4: Angenommen/ Abgelehnt | I4: Umsetzungs- status | J4: Verantwortlich für Umsetzung
A5: 1 | B5: 44748 | C5: Einwilligungserklärung ODIN archivieren - Datum auf Jahr 3000 | D5: Verwaltungsaufwand reduziert | E5: Team | H5: Angenommen
A6: 2 | B6: 44762 | C6: Nachtschichtersthelfer für EH-Auffrischungskurs | D6: Bessere Ausbildung | E6: Team | H6: Abgelehnt
A7: 3 | B7: 44762 | C7: Heimlich-Manöver-Weste für EH-Kurs | D7: Besseres Training | E7: Team | H7: Angenommen
A8: 4 | B8: 44762 | C8: Reduktion der Endotrachealtuben auf Größen 8,5+7,5+6,5 | D8: Kosten, Übersicht | E8: Team | H8: Angenommen
A9: 5 | B9: 44762 | C9: Verzicht auf Endotrachealtuben/Larynxtuben für Kinder | D9: Vereinfachung | E9: Team | H9: Angenommen
A10: 6 | B10: 44762 | C10: Notfalltasche mit Pneumothorax-Punktionsnadeln | D10: Notfallbereitschaft | E10: Team | H10: Angenommen
A11: 7 | B11: 44762 | C11: Notfalltasche mit Quick Clot Gauze und NAR-S Rolled Gauze | D11: Notfallbereitschaft | E11: Team | H11: Angenommen
A12: 8 | C12: Zahnrettungsboxen für RTW, Ambulanz, EH-Kurs | D12: Notfallbereitschaft | E12: Team | H12: Angenommen
A13: 9 | B13: 44852 | C13: Halterung für Notfallrucksack am Notfallwagen | D13: Schnellerer Zugriff | E13: Team | H13: Angenommen
A14: 10 | B14: 44881 | C14: Webcam in Kuppenheim für Teams-Patientenbeurteilung | D14: Telemedizin | E14: Team | H14: Abgelehnt
A15: 11 | B15: 44893 | C15: Einsparung der Filterpatronen für Kaffeemaschine | D15: Geld | E15: Team | H15: Angenommen
A16: =IF(B16<>"",ROW()-4,"")
A17: =IF(B17<>"",ROW()-4,"")
A18: =IF(B18<>"",ROW()-4,"")
A19: =IF(B19<>"",ROW()-4,"")
A20: =IF(B20<>"",ROW()-4,"")
A21: =IF(B21<>"",ROW()-4,"")
A22: =IF(B22<>"",ROW()-4,"")
A23: =IF(B23<>"",ROW()-4,"")
A24: =IF(B24<>"",ROW()-4,"")
A25: =IF(B25<>"",ROW()-4,"")
A26: =IF(B26<>"",ROW()-4,"")
A27: =IF(B27<>"",ROW()-4,"")
... A65: =IF(B65<>"",ROW()-4,"")

Sheet Hilfslisten
A1: Dropdown: Einbringender
A2: Breig
A3: Dr. Vitez
A4: Dr.Frei
A5: Dr.Schmidt
A6: Göpfrich
A7: Jochim
A8: Krempl
A9: Müller-Horn
A10: Putschler
A11: Radimersky
A12: Schmidt
... A17: Zuber
